Spot,Clone ID,Accession,CH,POS.start,POS.end,GBM31
26674,IMAGE:1640966,AI024606,13,17206847,17207306,-0.456213629
18835,IMAGE:854587,AA669139,13,17257217,17257721,0.116642354
6018,IMAGE:854587,AA669139,13,17257217,17257721,0.148898441
39242,IMAGE:757489,AA426374,13,17545911,17549156,-0.048594924
7480,IMAGE:453355,AA779119,13,18015567,18016029,0.192742196
17774,IMAGE:884677,AA629924,13,18019288,18020661,0.136487362
16179,IMAGE:453181,AA700221,13,18019855,18020337,-0.045159007
21043,IMAGE:827000,AA521376,13,18032278,18032814,0.114812089
7171,IMAGE:309406,N99049,13,18038562,18039008,-0.60502285
29121,IMAGE:487981,AA054669,13,18045081,18045454,0.070163747
7157,IMAGE:205913,H57726,13,18046895,18049963,0.38336047
7502,IMAGE:447916,AA702431,13,18046896,18047229,-0.417585906
15353,IMAGE:418053,W90731,13,18075410,18078180,-0.720352637
21132,IMAGE:268951,N26072,13,18137656,18138176,-0.18467046
8371,IMAGE:729956,AA412047,13,18208420,18208813,-0.210719745
30563,IMAGE:2137957,AI522311,13,18209597,18223559,-0.525148288
26842,IMAGE:1881018,AI288698,13,18329227,18329747,-0.047027403
2144,IMAGE:815165,AA481145,13,18394151,18394701,-0.461766362
38216,IMAGE:161835,AI668604,13,18394422,18394925,-0.253764522
7550,1292071,AA707544,13,18453492,18453786,0.15619547
17432,IMAGE:684644,AA251580,13,18458431,18458870,-0.360458231
40386,IMAGE:754541,AA406293,13,18458954,18459411,0.195669389
23096,IMAGE:1556476,AA935330,13,18459585,18459970,-0.82886171
23789,IMAGE:712361,AA281848,13,18460574,18460791,0.213666229
28303,IMAGE:47451,H11894,13,18462683,18463071,-0.316342473
12049,IMAGE:1699198,AI002686,13,18510393,18510507,-0.459592203
14756,IMAGE:1699198,AI002686,13,18510393,18510507,0.066989851
35361,IMAGE:345556,W73885,13,18553703,18554081,-0.327874397
18442,IMAGE:823859,AA490466,13,18559610,18560057,-0.221811034
12583,IMAGE:263247,H99932,13,18775812,18776226,0.050537068
11395,IMAGE:815245,AA481279,13,19035647,19063503,-0.308798017
10743,IMAGE:1636080,AI015542,13,19063256,19063503,-0.167796352
31775,IMAGE:28260,R40885,13,19073807,19074603,0.021934069
12475,IMAGE:271356,N34681,13,19075067,19076189,0.720183582
13738,IMAGE:1626234,AI005455,13,19092211,19092642,-0.812931162
3162,IMAGE:309039,N92873,13,19094770,19095241,-0.695879169
6423,IMAGE:462159,AA705409,13,19101070,19104167,-0.467703691
28938,IMAGE:713087,AA282922,13,19151269,19151427,-0.050388799
3047,IMAGE:430722,AA678088,13,19155835,19159707,-1.150012161
37748,IMAGE:782193,AA431967,13,19345175,19345383,0.028961169
17055,IMAGE:1460383,AA883610,13,19520571,19520977,-0.54390654
9270,IMAGE:209756,H65595,13,19520670,19520974,-0.415640161
313,IMAGE:703559,AA278591,13,19526470,19526961,-0.499848125
18964,IMAGE:1466811,AA883759,13,19536850,19537146,0.185585603
19324,IMAGE:897042,AA676765,13,19549297,19549657,-0.40820796
24930,IMAGE:1604174,AA995572,13,19549320,19549660,-0.119217625
28491,IMAGE:1585514,AA976679,13,19550850,19551218,0.298563902
22504,IMAGE:1628363,AI018012,13,19659776,19666997,-0.313912745
10252,IMAGE:1758598,AI206458,13,19675650,19683258,-0.455039033
11274,IMAGE:1603855,AA988077,13,19677326,19677649,0.198765888
9341,IMAGE:1908576,AI348321,13,19700974,19701378,-0.219188999
13486,IMAGE:505836,AA683490,13,19744716,19745144,0.096080462
18662,IMAGE:202799,H53967,13,19747277,19747651,0.174919399
33575,IMAGE:434902,AA701260,13,19822612,19823007,0.019894027
4666,IMAGE:815108,AA465202,13,19864835,19865208,0.500752924
27984,IMAGE:1589786,AA946776,13,20073537,20074143,0.468907043
9289,1291672,AA776816,13,21037531,21037754,0.212723345
24208,IMAGE:729962,AA416889,13,21479383,21479752,-0.39171836
13965,IMAGE:1877281,AI276563,13,21696898,21697301,-0.660902216
4390,IMAGE:815142,AA481194,13,21702308,21702846,-0.595024426
19667,IMAGE:293858,N95115,13,21702324,21702810,-0.209894813
10402,IMAGE:1602292,AA987300,13,21781968,21782360,-0.019574944
25812,IMAGE:1503990,AA904760,13,21925180,21925427,-0.813813147
39005,IMAGE:1870057,AI245660,13,22024927,22025145,0.363890611
36009,IMAGE:357628,W94017,13,22042988,22043274,-0.578556997
21518,IMAGE:448417,AA777555,13,22047768,22048231,-0.649606874
35831,IMAGE:1390584,AA843592,13,22102327,22178115,-0.264799086
14355,IMAGE:130116,R20803,13,22254855,22255092,0.019644412
10744,IMAGE:1636141,AI015712,13,22636975,22637389,-0.430958981
33876,IMAGE:1636141,AI015712,13,22636975,22637389,-0.538741352
15965,IMAGE:156043,R72516,13,22678370,22678964,-0.06876113
7928,IMAGE:868871,AA775352,13,22700919,22701170,-0.241757609
33188,IMAGE:753987,AA478959,13,22793069,22798728,-1.239959476
6745,IMAGE:452351,AA700865,13,22794804,22795246,-0.066414576
21459,IMAGE:209264,H65490,13,22874361,22874805,-0.17594785
4776,IMAGE:178268,H46220,13,22969206,22969507,-0.419580088
30829,IMAGE:40594,R55674,13,23128462,23128952,-0.065038738
7149,IMAGE:786546,AA452123,13,23255176,23256222,-0.408857564
35079,IMAGE:431477,AA706993,13,23281974,23284216,-0.508016685
13454,IMAGE:25408,R11884,13,23538203,23538707,-0.274788193
9158,IMAGE:49919,H28983,13,23540665,23541092,-0.707017706
12735,IMAGE:231944,H92779,13,23540672,23541012,-0.427371412
27907,IMAGE:280236,N49192,13,23620256,23620625,-0.727949045
3077,IMAGE:194908,R90958,13,23712899,23713349,0.249133681
22845,IMAGE:413299,AA772502,13,23714127,23714543,-0.153107043
11284,IMAGE:1584541,AA972348,13,24386981,24387270,-0.053042742
21529,IMAGE:1584541,AA972348,13,24386981,24387270,-0.013709379
8584,IMAGE:1628336,AI017981,13,24394057,24394523,-0.852133421
14561,IMAGE:1908734,AI301142,13,24395756,24396203,-0.618501258
16084,IMAGE:796761,AA460729,13,24397822,24397987,-0.556147701
28111,IMAGE:277589,N47382,13,24585673,24585871,-0.316724699
38931,IMAGE:223157,H85979,13,24635948,24636268,0.182548392
7047,IMAGE:42880,R59697,13,24776972,24777732,-0.239364032
895,IMAGE:884355,AA629542,13,25060674,25061065,-0.283780826
16389,IMAGE:1658936,AI051410,13,25129155,25129485,-0.604934823
21266,IMAGE:795570,AA459676,13,25417883,25418169,-0.349374889
12705,IMAGE:260619,H97566,13,25439274,25439818,0.213826027
31592,IMAGE:265626,N22824,13,25444251,25444730,-0.331310594
37270,IMAGE:1659101,AI051530,13,25608418,25608948,-0.636395818
29471,IMAGE:1011075,AA229227,13,25615333,25615615,-0.7466853
1635,IMAGE:1011697,AA229937,13,25625898,25628417,0.103594575
29751,IMAGE:810617,AA464034,13,25627435,25628647,0.797567364
33933,IMAGE:810617,AA464034,13,25627435,25628647,-0.435125558
34789,IMAGE:810617,AA464034,13,25627435,25628647,0.055519519
32947,IMAGE:1456494,AA864970,13,25643114,25645352,-0.332527362
6454,IMAGE:796461,AA459999,13,25807783,25812181,-0.371479248
9194,IMAGE:462646,AA704984,13,25810945,25811310,-0.138703453
40211,IMAGE:564772,AA129409,13,25995014,25995536,-0.062180246
22600,IMAGE:358168,W95586,13,26037948,26038360,0.03869769
38526,IMAGE:795750,AA460301,13,26038136,26038461,-0.356386399
14400,IMAGE:1560436,AA954338,13,26333056,26333589,-0.101124447
26932,IMAGE:1560436,AA954338,13,26333056,26333589,-0.100021941
41713,IMAGE:1871355,AI261232,13,26333056,26333645,-0.061868069
12948,IMAGE:937489,AA524749,13,26335196,26337153,-0.24887735
27880,IMAGE:1926575,AI346583,13,26335416,26340888,-0.264386579
14700,IMAGE:1074760,AA594130,13,26341000,26341402,0.505413934
21814,IMAGE:2542486,AW057705,13,26375410,26376065,-0.311093963
35080,IMAGE:450427,AA682797,13,26558740,26559170,-0.018840553
5031,IMAGE:1624674,AA993566,13,26592990,26593488,-0.565258285
31635,IMAGE:211878,H68434,13,26603876,26604621,0.130595081
16335,IMAGE:1472333,AA873507,13,26646193,26646635,-0.754660565
5937,IMAGE:1627528,AI016950,13,26650982,26651118,-0.499844044
39324,IMAGE:381931,AA058828,13,26672483,26673097,0.262203175
2644,IMAGE:785868,AA449559,13,26674369,26674596,-0.479291364
19637,IMAGE:731061,AA421341,13,26680735,26681167,-0.218869331
17617,IMAGE:67221,T52673,13,26757020,26757170,-0.433779378
14188,IMAGE:258101,N30348,13,26757785,26758199,-0.139522875
4134,IMAGE:233935,H66126,13,26759859,26760230,-0.415339002
17605,IMAGE:504300,AA149508,13,26760924,26761353,-0.192222446
12378,IMAGE:140289,R66816,13,27031260,27040713,-0.160627125
13453,IMAGE:23121,R38655,13,27033035,27033448,0.223498645
14530,IMAGE:1873201,AI281237,13,27050607,27050999,-0.391606813
31690,IMAGE:866483,AA679509,13,27072847,27073298,-0.527262795
40382,IMAGE:824665,AA482181,13,27882716,27883166,0.046752097
15995,IMAGE:134712,R28061,13,27884625,27884873,-0.529302142
41046,IMAGE:2019015,AI362952,13,27908133,27967721,0.143668698
32646,IMAGE:823912,AA490497,13,28136544,28136980,-0.246019663
34752,IMAGE:1869755,AI262584,13,28146909,28147346,-0.211313168
24819,IMAGE:79525,T82438,13,28149290,28221749,-0.585673686
18545,IMAGE:566339,AA149707,13,28149345,28222089,-0.121554823
5854,IMAGE:435694,AA699951,13,28574767,28574917,-0.665734668
12883,IMAGE:1658104,AI039250,13,28580176,28580637,-0.605532866
787,IMAGE:153056,AI732303,13,28627676,28679577,-0.338942619
37327,IMAGE:152678,AI732299,13,28627699,28679577,-0.415710809
20447,IMAGE:757426,AA437211,13,28688496,28692005,-0.279780777
33106,IMAGE:2048585,AI375302,13,28830930,28831301,-0.522365913
20103,IMAGE:970591,AA683085,13,28834712,28835831,-0.384478952
32912,IMAGE:1743133,AI193383,13,28836443,28836800,0.545617242
10414,IMAGE:1569561,AA934920,13,28929087,28929364,0.66360282
28346,IMAGE:1569561,AA934920,13,28929087,28929364,-0.06693921
9416,IMAGE:1526538,AA923376,13,28936091,28936415,-0.383366696
17564,IMAGE:684482,AA250746,13,29031308,29031685,-0.58021513
4519,IMAGE:242955,H95641,13,29031389,29031687,0.793368317
25461,IMAGE:67759,T49651,13,29116258,29136257,-0.536733614
419,IMAGE:796732,AA460708,13,29297146,29297709,-0.44094193
35758,IMAGE:815781,AA485036,13,29510561,29510995,-0.591322601
10732,IMAGE:269416,N24070,13,29703261,29703657,-0.736566962
40568,IMAGE:221926,H83670,13,29703432,29703655,-0.39642843
38555,IMAGE:283118,N51325,13,29703937,29704405,-0.318875533
4049,IMAGE:1574257,AA937150,13,29704037,29704409,-0.677624728
11049,IMAGE:1663701,AI079619,13,30125764,30126304,-0.089997686
30595,IMAGE:2384055,AI796288,13,30403660,30404081,0.348604017
3075,IMAGE:192147,H40536,13,30415821,30416199,-1.843575766
29649,IMAGE:46284,H09111,13,30668374,30668761,0.04830329
40873,IMAGE:711698,AA280905,13,30735409,30743204,-0.360072955
7855,IMAGE:193736,H47777,13,30770051,30770416,-0.279384259
11179,IMAGE:1880460,AI290606,13,30772852,30773255,-0.428073901
33211,IMAGE:841695,AA487590,13,30773796,30774115,-1.757638431
11503,IMAGE:50569,H17011,13,30798055,30798579,-0.277012106
19298,IMAGE:1636877,AI000261,13,30804928,30810853,-0.229232448
3644,IMAGE:247588,N58130,13,30811494,30811993,-0.664980297
29599,IMAGE:432581,AA699390,13,30868487,30868908,-0.563641864
10577,IMAGE:289677,N59893,13,30889030,30889469,-0.831176544
21683,IMAGE:1416391,AA825434,13,30897706,30898163,-0.015430675
13958,IMAGE:1911526,AI268141,13,30897734,30898165,0.091632776
32154,IMAGE:1603887,AA988098,13,30897795,30898169,0.176809465
29269,IMAGE:304963,N93141,13,30900415,30900887,0.094404604
33806,IMAGE:1892026,AI277330,13,30904753,30905503,-0.079899541
36559,IMAGE:415529,W80632,13,30905676,30906280,-0.177864603
17170,IMAGE:588531,AA143802,13,31032542,31033127,-0.295753925
32994,IMAGE:588531,AA143802,13,31032542,31033127,0.295430517
12576,IMAGE:856164,AA630616,13,31125518,31130344,0.258274227
4455,IMAGE:2089174,AI572349,13,31147861,31148044,-0.618058897
23377,IMAGE:1565986,AI073507,13,31377137,31377582,-0.327121759
24,IMAGE:897271,AA677655,13,31437902,31438244,0.087782087
11261,IMAGE:2029192,AI253164,13,31441021,31441384,-0.52080756
15846,IMAGE:682045,AA256386,13,31475271,31475628,0.272401292
11528,IMAGE:428570,AA004878,13,31478696,31479172,-0.275243444
12039,IMAGE:1031911,AA609746,13,31546371,31546712,-0.223329967
26914,IMAGE:1635254,AI016996,13,31647878,31648255,-0.389588643
34570,IMAGE:731153,AA417213,13,31651707,31653471,-0.688463757
16376,IMAGE:1526580,AA923420,13,31883466,31896459,-0.695966808
37873,IMAGE:145070,R77275,13,32070950,32071298,-0.054866212
2011,IMAGE:277112,N39611,13,32209171,32209632,-0.262797013
21513,IMAGE:433683,AA699346,13,32214712,32215208,-0.410033567
18613,IMAGE:757158,AA443939,13,32338294,32338690,-0.441826423
25799,IMAGE:1561157,AA977597,13,32597031,32597417,-0.123624596
37127,IMAGE:1055791,AA628169,13,32905982,32906487,0.021541723
16218,1292505,AA719240,13,33068962,33071204,0.110024167
32308,IMAGE:1892758,AI277809,13,33846339,33846761,-0.110604231
952,IMAGE:51263,H18837,13,33847757,33848246,-0.222338297
5594,IMAGE:878630,AA775279,13,34044405,34044873,-0.455677943
16338,IMAGE:1500377,AA885845,13,34141126,34141472,-0.60297722
29530,IMAGE:1500377,AA885845,13,34141126,34141472,0.17850486
19600,IMAGE:24632,R39364,13,34141661,34142052,-0.228445472
21773,IMAGE:277423,N34513,13,34143477,34143854,-0.711395694
19616,IMAGE:1500532,AA887525,13,34218034,34218419,-0.930839
40476,IMAGE:27711,R13965,13,34278462,34278776,-0.339650521
7411,IMAGE:362720,AA018205,13,34391026,34391487,0.095428611
6773,IMAGE:1625240,AI004245,13,34540353,34540825,-0.41971789
21349,IMAGE:726835,AA293855,13,34625941,34669961,-0.155472761
31807,IMAGE:502772,AA137195,13,34674371,34674615,-0.178930564
7203,IMAGE:279905,N38860,13,34675161,34675557,-0.822620093
1767,IMAGE:1573305,AA953973,13,34675736,34676075,-0.454963951
17949,IMAGE:241042,H91296,13,34679142,34679466,-0.673763862
36722,IMAGE:377799,AA777001,13,34813266,34815006,-0.102472138
6248,IMAGE:2021055,AI365571,13,35191605,35191884,0.040089903
11439,IMAGE:381067,AA057436,13,35191605,35199820,-0.02952197
40271,IMAGE:245319,N76675,13,35207479,35207922,-0.000632098
35971,IMAGE:897874,AA598635,13,35216967,35217118,-0.194484596
32852,IMAGE:838888,AA481801,13,35278050,35278518,-0.247727048
17619,IMAGE:773240,AA425251,13,35321974,35357877,-0.218819389
27372,IMAGE:1055114,AA621348,13,35322009,35361671,-0.367657904
27176,IMAGE:282720,N50079,13,35380902,35381526,-1.328053557
14993,IMAGE:809453,AA456165,13,35381828,35382272,-0.510218396
34427,IMAGE:38783,R51509,13,35396299,35412793,-0.002790268
12872,IMAGE:1523273,AA909213,13,35403937,35412731,-0.360124877
21264,IMAGE:62250,AI821023,13,35829085,35829417,-0.424816166
29487,IMAGE:62250,AI821023,13,35829085,35829417,-0.72490268
24268,IMAGE:62202,T41123,13,35829094,35829420,1.064642746
27121,IMAGE:897910,AA598653,13,35934722,35935065,-0.552119463
39308,IMAGE:2028722,AI262129,13,35934723,35935158,-0.424920344
32367,IMAGE:295923,N73536,13,36733426,36733698,-0.300585899
40631,IMAGE:1669223,AI051281,13,37382001,37382271,-0.211470473
36390,IMAGE:731080,AA421343,13,37383572,37384989,-0.392940887
5601,IMAGE:271165,N34494,13,37411703,37412157,0.266840848
33430,IMAGE:858975,AA776940,13,37416934,37417417,0.328117664
25478,IMAGE:810486,AA457150,13,37421199,37421643,-0.668538964
38021,IMAGE:1613757,AI000008,13,37421852,37422242,-0.793900525
28687,IMAGE:2028413,AI261635,13,37679922,37680316,-0.1364327
32538,IMAGE:247616,N58145,13,37715032,37715572,-0.017100709
3889,IMAGE:32215,R42785,13,37874123,37874610,0.10479742
1492,IMAGE:268780,N25970,13,38103519,38103962,-0.036364667
38864,IMAGE:343352,W67514,13,38124069,38124637,-0.249346632
34503,IMAGE:1562332,AA954534,13,38566892,38567205,-0.405463836
29430,IMAGE:731037,AA421469,13,38715461,38715858,-1.072974579
29234,IMAGE:1460306,AA885344,13,38823538,38823832,-0.347934722
22134,IMAGE:839017,AA487495,13,38831468,38831922,-0.090023881
29122,IMAGE:782835,AA448277,13,38927900,38928346,-0.373784864
14828,IMAGE:502360,AA134748,13,38927905,38928207,-0.62016935
4499,IMAGE:628955,AA194764,13,38931980,38932465,-0.227555113
23462,IMAGE:1984478,AI252934,13,38959305,38959422,-0.361263448
39294,IMAGE:39313,R51362,13,39101438,39121400,-0.409464596
18306,IMAGE:1492963,AA886331,13,39101438,39126225,-0.913670873
19020,IMAGE:1883960,AI216537,13,39170807,39171103,-0.58470081
33606,IMAGE:211417,H68752,13,39184162,39184592,-0.386337438
25527,IMAGE:471729,AA035452,13,39184175,39184592,-0.308206174
18031,IMAGE:1926715,AI346782,13,39235121,39235545,-0.125826899
31682,IMAGE:825357,AA504501,13,39257785,39258195,-0.068578403
25075,IMAGE:1627076,AA994369,13,39284028,39284170,-0.377207191
14600,IMAGE:1504261,AA897716,13,39298158,39298294,-0.279231899
17497,IMAGE:201976,R99514,13,39304167,39304465,-0.031455496
30580,IMAGE:241412,H81219,13,39330975,39354342,-0.14259332
31076,IMAGE:233262,H80081,13,39333796,39334049,-0.043115607
13809,IMAGE:1460088,AA864468,13,39347527,39347993,-0.210143202
22588,IMAGE:1460088,AA864468,13,39347527,39347993,1.141949588
32962,IMAGE:745690,AA420876,13,39429398,39429867,0.236923525
6856,IMAGE:771650,AA469134,13,39429511,39429867,-0.133327072
34760,IMAGE:307699,AI668682,13,39448231,39455207,-0.156587637
10081,IMAGE:384018,AA702632,13,39455723,39456139,-0.593678594
38243,IMAGE:1441055,AA916157,13,39495080,39495482,0.024593014
19681,IMAGE:814675,AA481057,13,39499704,39500063,-0.12101254
31197,IMAGE:1876907,AI273721,13,39550122,39550573,-0.063780486
9187,IMAGE:288846,N62595,13,39561975,39562425,-0.897478956
39337,IMAGE:826074,AA521395,13,39562720,39563266,-0.620313226
18190,IMAGE:117859,AI820566,13,39564292,39564751,-1.096514734
27439,IMAGE:293001,N90640,13,39565596,39565879,-0.451823152
22660,IMAGE:1916771,AI347695,13,39589006,39595493,-0.063106019
9300,IMAGE:294968,N71488,13,39839796,39840106,-0.437923162
7567,IMAGE:1520384,AA909799,13,39840865,39841000,0.52193179
20445,IMAGE:487287,AA040567,13,39840909,39842999,-0.508581981
20916,IMAGE:1898064,AI306395,13,39939394,39939788,-0.145626091
3037,IMAGE:594871,AA171631,13,39939795,39940223,-0.570855153
30981,IMAGE:33914,R44562,13,39941789,39942127,-0.762056062
21420,IMAGE:447400,AA702326,13,40041121,40041464,0.126651021
30733,IMAGE:487905,AA046556,13,40104211,40133334,-0.766390375
4895,IMAGE:395614,AA757581,13,40157602,40158046,-0.783108711
3524,IMAGE:2020508,AI382581,13,40420980,40499688,-0.163726668
3140,IMAGE:33860,R20026,13,40604239,40604606,0.213314219
24182,IMAGE:772373,AA404564,13,40614798,40615032,-0.180386359
1230,IMAGE:280831,N50684,13,40614799,40615026,-0.805290002
27434,IMAGE:139708,R63925,13,40672133,40672467,-0.580981865
27949,IMAGE:1581839,AA970151,13,40686026,40691435,-0.707040288
9083,IMAGE:78144,T60267,13,40692301,40692646,1.068731268
751,IMAGE:296132,N70003,13,40693290,40693718,-0.003050403
2305,IMAGE:415408,W78760,13,40970244,40970614,-0.243703794
28870,IMAGE:825287,AA504211,13,40979795,40980148,-0.569731623
5915,IMAGE:1526654,AA917081,13,41093098,41093385,-0.126302231
39070,IMAGE:117991,AI820513,13,41162183,41162918,-0.237856218
37711,IMAGE:645670,AA206454,13,41213299,41213880,0.037604485
28577,IMAGE:1855351,AI286247,13,41260121,41260520,-0.766775137
5435,IMAGE:1637302,AI005521,13,41450751,41479582,-0.393812248
2968,IMAGE:279873,N40997,13,41481037,41481304,-0.303183657
41226,IMAGE:486220,AA043873,13,41481485,41481983,-0.012643729
13784,IMAGE:1049293,AA620760,13,41530965,41531602,-0.453513057
9063,IMAGE:52002,H23519,13,41694519,41716865,-0.446537622
8585,IMAGE:1628607,AA994471,13,42231952,42247164,0.174711048
31952,IMAGE:1927013,AI348060,13,42356911,42357404,-0.077845701
17347,IMAGE:1473790,AA916907,13,42356946,42357404,-0.520915884
15328,IMAGE:132392,R25336,13,42401597,42401992,-0.113204306
32982,IMAGE:1160555,AA877355,13,42604232,42608195,-0.572134551
1174,IMAGE:461403,AA704945,13,42769436,42769849,0.240656986
13418,IMAGE:29828,R42331,13,42804278,42804624,-0.373706851
12202,IMAGE:868630,AA664389,13,42805659,42806103,-0.484744525
27004,IMAGE:726911,AA398237,13,42806591,42807013,-0.474289607
10952,IMAGE:1540729,AA907689,13,42808286,42808622,-0.315797476
12060,IMAGE:1883919,AI216153,13,42909244,42909607,-0.31530479
8671,IMAGE:1568882,AA933010,13,42911902,42912328,-2.195120326
9206,IMAGE:1568882,AA933010,13,42911902,42912328,-0.449456509
21373,IMAGE:462811,AA705290,13,42919785,42920220,-0.215841009
13586,IMAGE:701190,AA286701,13,42937450,42937980,-0.058726265
29368,IMAGE:1897944,AI299525,13,42947771,42948183,0.208581253
2220,IMAGE:1558547,AA974802,13,42950980,42951266,0.020211385
40847,IMAGE:1558547,AA974802,13,42950980,42951266,-0.200011788
6851,IMAGE:756763,AA424898,13,43247718,43248128,-0.428480068
8627,IMAGE:725401,AA292084,13,43247841,43248182,0.40049493
12289,IMAGE:2308669,AI653424,13,43313149,43321887,-0.371436679
15123,IMAGE:825200,AA504109,13,43400103,43405743,-0.364715125
34435,IMAGE:970672,AA774736,13,43403248,43403679,-0.247237798
6507,IMAGE:366227,AA025399,13,43403880,43404060,-0.543860714
34342,IMAGE:283379,N52767,13,43565658,43566116,0.381741178
5802,IMAGE:121415,T96918,13,43597422,43597748,0.162204349
28716,IMAGE:754085,AA478656,13,43639446,43656079,0.160729108
29572,IMAGE:754085,AA478656,13,43639446,43656079,0.078807801
32316,IMAGE:754085,AA478656,13,43639446,43656079,-0.259972002
23974,IMAGE:291271,N72223,13,43656402,43656810,-0.614058889
37280,IMAGE:1855662,AI263383,13,43705605,43706032,-0.394070613
27011,IMAGE:327189,W30905,13,43761869,43763496,-0.09297641
37588,IMAGE:795159,AA453460,13,43763210,43763880,-0.089451208
23214,IMAGE:194600,R84242,13,43763597,43763872,0.19824102
23389,IMAGE:900914,AA501982,13,43837770,43837950,0.191982231
32461,IMAGE:796777,AA461166,13,43908394,43908746,-0.11208124
4206,IMAGE:1870083,AI245681,13,44052367,44053026,0.10158481
19850,IMAGE:1940040,AI351498,13,44276522,44279635,-0.728946453
19630,IMAGE:24097,R39697,13,44326600,44326802,-0.374501793
5963,IMAGE:1881452,AI291161,13,44326603,44326982,-0.300807834
17887,IMAGE:343403,W67229,13,44328670,44329117,-0.928862986
1316,IMAGE:244931,N76243,13,44348931,44349078,-0.230643085
35206,IMAGE:645939,AA196638,13,44357816,44375323,-0.559588001
15836,IMAGE:245242,N76606,13,44454580,44477137,0.237238672
20018,IMAGE:245242,N76606,13,44454580,44477137,-0.370400563
20874,IMAGE:245242,N76606,13,44454580,44477137,0.416294015
40446,IMAGE:248476,N59637,13,44455116,44455399,-0.360305874
7090,IMAGE:344589,W73144,13,44498096,44498696,-0.4308629
20863,IMAGE:486676,AA044166,13,44498436,44498677,-0.297497433
38475,IMAGE:212772,H69683,13,44715103,44715385,-0.525360826
22465,IMAGE:731432,AA412067,13,44756309,44756772,-0.47694614
2436,IMAGE:187172,R83231,13,44757315,44757728,-0.136442785
1633,IMAGE:1011347,AA229781,13,44966037,44966389,-0.215417371
34537,IMAGE:460752,AA700340,13,44966167,44966379,0.12358166
38175,IMAGE:1011581,AA229644,13,44966178,44966389,0.680277637
17030,IMAGE:417567,W89072,13,44981689,44982086,-0.268422248
21393,IMAGE:448397,AA777534,13,45094052,45094498,-0.218580683
23898,IMAGE:130979,R22927,13,45123411,45123697,-0.255931472
19771,IMAGE:1926246,AI346038,13,45124621,45125177,-0.477484804
39395,IMAGE:140064,R65775,13,45124807,45125114,-0.608314911
14268,IMAGE:768406,AA495814,13,45147519,45147945,-0.360959362
38967,IMAGE:1552208,AA960811,13,45168906,45169247,-0.759822788
31403,IMAGE:40580,R55130,13,45267440,45267744,0.088246531
25348,IMAGE:1876467,AI274167,13,45267440,45267916,-0.64059792
35568,IMAGE:1010439,AA228311,13,45377084,45377353,-0.273625087
7097,IMAGE:845630,AA644577,13,46314791,46315268,-0.34996305
15977,IMAGE:712888,AA282159,13,46326281,46326694,-0.000162337
299,IMAGE:203008,H54262,13,46418436,46418911,0.793457454
32657,IMAGE:288707,N62419,13,46448098,46448525,-1.033400399
20389,IMAGE:795282,AA453188,13,46449051,46453851,-0.87774635
13269,IMAGE:795375,AA453275,13,46630261,46633524,-0.433098684
15682,IMAGE:303109,N90783,13,46783274,46783747,-0.504596612
17618,IMAGE:196488,R91539,13,46783294,46783634,-0.598069698
10543,IMAGE:665404,AA194811,13,46783558,46783820,-0.942138271
33189,IMAGE:487777,AA045192,13,46853555,46854023,-0.04153315
3782,IMAGE:1635600,AI015999,13,46861099,46861478,-0.877654647
22413,IMAGE:1899513,AI301355,13,46939734,46940107,-0.491504555
18734,IMAGE:139268,R68492,13,47347127,47347403,-0.417552377
2912,IMAGE:645703,AA206595,13,47639625,47639920,0.218850801
17083,IMAGE:298136,N70777,13,47665396,47665620,-0.868748899
41355,IMAGE:267334,N23383,13,47680786,47681245,-0.562094322
3194,IMAGE:73391,T55378,13,47710220,47710535,-0.707653606
36855,IMAGE:703943,AA278473,13,47711813,47749252,-0.013725096
33507,IMAGE:253598,H89376,13,47797407,47797725,-0.2798787
15961,IMAGE:264157,N20602,13,47816869,47824025,-0.485532547
15882,IMAGE:626548,AA187979,13,47860583,47861655,-0.192022837
14647,IMAGE:1902973,AI300909,13,47866768,47867135,-0.52815372
7245,IMAGE:377740,AA776946,13,47900735,47901113,-0.576694875
6348,IMAGE:810970,AA459405,13,47904082,47904421,-0.835297055
13525,IMAGE:416240,W85854,13,48032865,48033102,-0.026691355
22911,IMAGE:290110,N62192,13,48071444,48071847,-0.222294487
37501,IMAGE:852829,AA668178,13,48073351,48073781,0.079050304
711,IMAGE:235040,H79138,13,48284841,48285121,-0.263940718
30849,IMAGE:242840,H94063,13,48286584,48286898,-0.31921734
32292,IMAGE:1501998,AA887201,13,48286805,48293718,-0.779052953
18812,IMAGE:450967,AA704414,13,48357532,48357876,-0.852230253
12216,IMAGE:1669563,AI056710,13,48384853,48385301,-0.313182285
34282,IMAGE:125685,R07594,13,48386120,48386450,0.11059778
5554,IMAGE:22282,T74052,13,48388242,48388689,0.158651315
3202,IMAGE:249871,H96982,13,48388951,48389312,0.078734169
30831,IMAGE:841326,AA487424,13,48403736,48404144,-0.670419531
8451,IMAGE:270136,N25204,13,48415573,48415958,0.310363834
10098,IMAGE:1461120,AA867999,13,48421326,48421655,-0.160180381
14131,IMAGE:773383,AA425755,13,48476878,48477794,-0.362804217
32872,IMAGE:1625185,AI004001,13,48479061,48479355,-1.083392119
9255,IMAGE:462968,AA682430,13,48500088,48500531,0.163973536
34588,IMAGE:782218,AA431979,13,48864785,48885032,-0.671208819
18517,IMAGE:137890,R68376,13,49302816,49307139,-0.712150486
13432,IMAGE:128996,R10306,13,49311846,49312191,-0.100121122
10946,IMAGE:1534430,AA917369,13,49366649,49366949,-0.216027508
6927,IMAGE:1534430,AA917369,13,49366649,49366949,-0.071532762
40614,IMAGE:1636448,AA999894,13,49656105,49656371,0.001161567
33747,IMAGE:1551643,AA922571,13,49726001,49726447,-0.079441907
32722,IMAGE:686226,AA262171,13,49734484,49734931,-0.346489263
9302,IMAGE:1506151,AA905301,13,49821246,49821692,-0.393043105
33015,IMAGE:302564,AI668648,13,49835788,49836394,0.060759568
6762,IMAGE:1947181,AI341867,13,50117407,50117880,-0.165992258
38476,IMAGE:121458,T97470,13,50127492,50130434,-0.053668163
19625,IMAGE:342753,W68421,13,50138494,50138930,-0.24305077
8999,IMAGE:504128,AA131681,13,50141317,50162192,0.279038436
25731,IMAGE:43118,R60032,13,50142913,50143355,0.023986641
34550,IMAGE:320568,W31352,13,50152895,50153257,-0.877910441
27665,IMAGE:1466911,AA884337,13,50238070,50238373,-0.112214905
2277,IMAGE:436410,AA699605,13,50289422,50289857,-0.036197254
39883,IMAGE:1049336,AA620862,13,50302413,50304565,-0.083243226
9602,IMAGE:266312,N26536,13,50304810,50305210,-0.52297957
6108,IMAGE:40102,R54591,13,50384550,50400745,-0.342317039
36702,IMAGE:897723,AA598993,13,50396986,50400883,-0.410299589
20560,IMAGE:396839,AA758154,13,50405749,50406084,-0.870522804
10524,IMAGE:823794,AA490263,13,50504779,50505180,0.003666103
33322,IMAGE:491706,AA115259,13,50539847,50540269,-0.511136886
12415,IMAGE:767285,AA418388,13,50784830,50785394,-0.530985457
33763,IMAGE:1658202,AI038557,13,50786044,50786489,-0.641579231
29846,IMAGE:290689,N71770,13,50801080,50801389,-0.208704502
16075,IMAGE:1589488,AA975785,13,50805829,50822697,-0.3869201
37854,IMAGE:341036,W58271,13,50826962,50827432,-0.351748759
4866,IMAGE:71902,T52152,13,50847028,50847289,0.31415875
36003,IMAGE:825228,AA504130,13,50848069,50848498,-0.630951547
18893,IMAGE:280264,N47951,13,51003642,51004113,-0.461181109
39387,IMAGE:730018,AA416876,13,51029688,51035417,-0.133800993
16241,IMAGE:123817,R00545,13,51067420,51067661,0.232070947
20375,IMAGE:796659,AA460129,13,51075871,51076370,-0.713614953
38741,IMAGE:52594,H29216,13,51216112,51216371,0.1903995
12291,IMAGE:2312470,AI669320,13,51423905,51424178,-0.738028327
33744,IMAGE:1544065,AA922211,13,51570188,51570676,-0.825598271
23057,IMAGE:130656,R21926,13,53001802,53002093,-0.344433072
12873,IMAGE:1525233,AA912930,13,56002698,56003059,-0.561154318
13216,IMAGE:1579610,AA969048,13,56097271,56097676,-0.318916787
23287,IMAGE:1541821,AA928139,13,56098373,56098837,-0.429980416
31603,IMAGE:854449,AA669075,13,56100218,56100657,-0.30979741
25499,IMAGE:287468,N69091,13,56100976,56101444,-0.723150169
33803,IMAGE:1881517,AI291262,13,58038018,58038491,-0.302931825
2358,IMAGE:1642074,AI018026,13,58384885,58416492,-0.305426002
13713,IMAGE:839978,AA490158,13,58474336,58474868,-0.016191476
11575,IMAGE:49993,H28738,13,58769392,58832626,0.244985049
39535,IMAGE:171949,H18980,13,58907674,58908004,-0.771825831
31845,IMAGE:485858,AA040043,13,59782226,59782628,-0.193377501
14616,IMAGE:195027,R91027,13,59783561,59784046,-0.339730321
36356,IMAGE:1836805,AI205709,13,61119741,61120041,-0.364066594
39448,1291972,AA707468,13,62209423,62209576,0.224068932
38634,IMAGE:284714,N63057,13,64674967,64675402,-0.264905551
339,IMAGE:34142,R19836,13,64704812,64705150,-0.131708334
41669,IMAGE:950381,AA599053,13,65596879,65597291,-0.235060274
12975,IMAGE:845629,AA644586,13,65596901,65597266,0.126722911
6140,IMAGE:2116531,AI523637,13,65597972,65598470,-0.260678078
34298,IMAGE:29967,R42536,13,69810098,69810786,-1.267411054
5541,IMAGE:52021,H22566,13,69810101,69810891,-0.640497682
3050,IMAGE:431003,AA677921,13,69812690,69851452,0.221771002
12100,IMAGE:1156129,AA678832,13,69834673,69835106,-0.142683616
17287,IMAGE:1628864,AA993945,13,69910529,69910896,-0.771216292
34394,IMAGE:139705,R63929,13,71082292,71091210,-0.091575806
19928,IMAGE:80836,AI820503,13,71102119,71102532,-0.015341816
13133,IMAGE:824753,AA488791,13,71116642,71118155,-0.944923343
21866,IMAGE:2309237,AI652016,13,71116899,71117305,-0.376757414
12028,IMAGE:358964,W92248,13,71124307,71124652,-0.152861861
29956,IMAGE:1455600,AA863115,13,71130533,71131059,-0.748154782
30013,IMAGE:151896,H03208,13,71131748,71132792,-0.569423641
11094,IMAGE:233987,H66147,13,71276608,71277010,0.078948674
17267,IMAGE:1688562,AI093970,13,71345864,71346390,-1.149766256
28130,IMAGE:289939,N59340,13,71370987,71388283,-0.702175738
14485,IMAGE:347730,W84386,13,72059940,72060111,-0.077392088
21337,IMAGE:34367,R44213,13,72066425,72066752,-0.644924201
37341,IMAGE:1386241,AA847335,13,72108095,72108449,-0.715855115
23281,IMAGE:1896342,AI298824,13,72176809,72177249,-0.593828214
22667,IMAGE:1996169,AI270906,13,72218274,72218515,-0.356213522
5006,IMAGE:453587,AA679564,13,72459490,72460419,0.055257115
12781,IMAGE:757340,AA437090,13,72927594,72927873,0.017604126
39290,IMAGE:753162,AA400457,13,73656931,73657323,-0.516237483
22910,IMAGE:289652,N59881,13,73898119,73898566,-0.39362774
9865,IMAGE:469952,AA029889,13,73898572,73909925,-0.323594315
34810,IMAGE:257445,N27190,13,73967085,73978070,-0.19099473
29329,IMAGE:254468,N22210,13,73976936,73977131,0.078674371
8626,IMAGE:724229,AA482560,13,73996717,73997228,0.183419368
3168,IMAGE:301692,N89651,13,74001372,74001701,-0.647518926
8463,IMAGE:611209,AA176413,13,74180149,74191583,-0.298726286
642,IMAGE:1908810,AI302307,13,74211878,74212114,-0.159579658
36837,IMAGE:429186,AA005111,13,74214074,74225477,-0.526222602
7094,IMAGE:51582,H22825,13,74221246,74225388,-0.402062317
2379,IMAGE:448556,AA777749,13,74231498,74232007,-0.221664002
23318,IMAGE:1683048,AI087882,13,75217813,75218101,-0.87368167
1090,IMAGE:491519,AA115054,13,75253988,75254215,-0.0597439
27564,IMAGE:288995,N62724,13,75371355,75371781,-0.280694838
14167,IMAGE:502428,AA156959,13,75372982,75373468,-0.621510644
13519,IMAGE:292071,N73307,13,75374212,75374653,-0.264109756
5499,IMAGE:284306,N52205,13,75377395,75377858,-0.97419394
4753,IMAGE:25778,R12337,13,75379076,75379465,0.127914663
3842,IMAGE:824891,AA488899,13,75469657,75470226,0.030075832
28248,IMAGE:233879,H65959,13,75470415,75470736,-0.361109715
3713,IMAGE:811943,AA455011,13,76009304,76016709,-0.197269474
1229,IMAGE:280640,N50428,13,76136127,76136369,-1.2912241
16659,IMAGE:49665,H28710,13,76267616,76267907,-0.081134078
35849,IMAGE:271050,N29914,13,76270261,76273234,-0.180015915
13546,IMAGE:745566,AA626313,13,76351902,76352235,0.102013682
6184,IMAGE:773568,AA428196,13,76971307,76971704,-0.525285736
30882,IMAGE:279690,N48325,13,76991063,76991246,-0.58077121
5763,IMAGE:824267,AA491265,13,76995854,76996135,0.044456756
25061,IMAGE:1657840,AI039046,13,77428422,77428795,-0.595823292
14403,IMAGE:284432,N52315,13,77686508,77687011,-0.475366927
4552,IMAGE:593239,AA164557,13,77706478,77714898,-0.25960461
14457,IMAGE:436552,AA703057,13,77716818,77730469,-0.341091385
11053,IMAGE:1670961,AI085568,13,77777504,77777902,-1.249667522
23347,IMAGE:1902798,AI301081,13,77796122,77796488,0.228683353
31967,IMAGE:1696757,AI095572,13,77924754,77925058,-1.176505576
25599,IMAGE:149288,R82644,13,77925352,77925707,-0.746793616
2193,IMAGE:363087,AA019338,13,77925749,77926160,-1.033374675
14241,IMAGE:785695,AA449588,13,77927375,77927695,-0.204896114
40390,IMAGE:858998,AA666051,13,77927872,77928210,-0.677631696
41033,IMAGE:813698,AA453759,13,78708114,78708496,-0.450347992
2469,IMAGE:1658911,AI039503,13,79416383,79416821,0.043852739
18971,IMAGE:897256,AA677641,13,82249343,82249689,-0.730749522
24920,IMAGE:392630,AA708301,13,84164933,84165259,-0.725998244
11215,IMAGE:1202731,AA630932,13,84171022,84171497,-0.893142852
39702,IMAGE:413096,AA707802,13,85607905,85607975,0.201884594
1402,IMAGE:40263,R55260,13,85823695,86021218,0.016648709
24685,IMAGE:41573,R59183,13,85958161,85958519,-0.441348188
23182,IMAGE:343569,W69435,13,86029383,86029870,-0.080743388
34604,IMAGE:26186,R20617,13,86046253,86046528,-0.223884722
737,IMAGE:1855327,AI286230,13,86151298,86154064,-0.225851806
32012,IMAGE:1524910,AA912640,13,86892530,86892762,0.0526989
40392,IMAGE:868077,AA780530,13,87564774,87564994,-0.041322772
10889,IMAGE:681865,AA256157,13,89704680,89704832,-0.069300038
18255,IMAGE:211557,H56331,13,89722795,89723196,0.164291016
23369,IMAGE:211557,H56331,13,89722795,89723196,0.085580408
7451,IMAGE:462198,AA705439,13,89869777,89870159,-0.07208828
30147,IMAGE:416889,W86832,13,89889671,89890126,0.384244269
11015,IMAGE:1642834,AI024039,13,90690050,90690857,-0.130615718
25838,IMAGE:461489,AA705058,13,90740520,90740975,-0.090498576
40918,IMAGE:1416502,AA878391,13,91217018,91217891,0.050740801
22347,IMAGE:297403,N90167,13,91644916,91645364,0.260211886
16951,IMAGE:897829,AA598581,13,91736136,91736371,-0.027122609
16016,IMAGE:897523,AA496942,13,91798771,91799151,-0.191669868
13530,IMAGE:429823,AA009536,13,91812525,91812981,-0.216673004
11847,IMAGE:450330,AA703609,13,92121573,92121976,-0.088850989
25932,IMAGE:1020220,AA683366,13,92142971,92143357,-0.055819868
2295,IMAGE:462963,AA682439,13,92405126,92405589,0.485237935
7107,IMAGE:796388,AA456147,13,92757229,92757760,0.097571481
38601,IMAGE:340811,W56522,13,92788632,92789085,0.098256761
21879,IMAGE:753104,AA478553,13,92789842,92790333,0.026246836
31366,IMAGE:269791,N27147,13,92789843,92790444,0.042381912
16792,IMAGE:202607,H53290,13,92839553,92839584,0.029617279
37821,IMAGE:416679,W86510,13,92842435,92842740,0.375450986
19250,IMAGE:2310117,AI652382,13,92924309,92924803,-0.155496811
39107,IMAGE:1558776,AA977223,13,92926001,92926357,0.05115344
41532,IMAGE:1567660,AA976208,13,92926001,92926507,0.329712146
4311,IMAGE:1567660,AA976208,13,92926001,92926507,-0.104300264
28862,IMAGE:2431959,AI884987,13,93061888,93062345,-0.167833126
32465,IMAGE:593185,AA159714,13,93370089,93370550,-0.228633907
5592,IMAGE:867717,AA780841,13,93631140,93631297,-0.406992472
33837,IMAGE:954257,AA524617,13,93632024,93632403,0.230290476
10681,IMAGE:39874,R54559,13,93927485,93928438,0.665370916
36612,IMAGE:810761,AA457739,13,93927510,93928490,-0.539347544
38658,IMAGE:298104,N70759,13,93931370,93931730,-0.021702952
29211,IMAGE:782581,AA447525,13,93932208,93935078,-0.127059884
27662,IMAGE:1466402,AA885466,13,93968817,93969277,-0.469590838
26773,IMAGE:271736,N35106,13,93980242,93991788,-0.195473233
2278,IMAGE:436448,AA699640,13,94032721,94033213,0.052167147
30952,IMAGE:428486,AA004489,13,94141545,94141977,1.4710315
6289,IMAGE:884606,AA630006,13,94144854,94145243,0.288585954
5459,IMAGE:767187,AA424587,13,94151378,94187457,0.107071303
4567,IMAGE:321773,W37208,13,94183206,94204608,0.017039155
26743,IMAGE:1693442,AI141922,13,94211114,94234781,-0.576269903
30070,IMAGE:461428,AA705216,13,94265587,94265813,0.036041299
31016,IMAGE:431057,AA758492,13,94274673,94274888,0.086272808
16318,IMAGE:1895185,AI291985,13,94296342,94296794,0.205329909
1522,IMAGE:108763,T77784,13,94296351,94296755,0.407175636
18150,IMAGE:1893903,AI280306,13,94335163,94335383,-0.036044156
621,IMAGE:1650990,AI022528,13,95187739,95188104,-0.389349765
4125,IMAGE:1694925,AI124014,13,95518980,95519414,0.125401662
18702,IMAGE:360684,AA015959,13,95574672,95574884,-0.389854083
20617,IMAGE:460442,AA677663,13,95606028,95606562,0.392305601
39842,IMAGE:1466542,AA885123,13,95628693,95629020,-0.061573806
24974,IMAGE:1671156,AI087038,13,95639784,95640196,-0.039477754
37769,IMAGE:280564,N50398,13,95677273,95677496,-0.251338718
28771,IMAGE:2516642,AI967944,13,95684653,95697270,-0.281890325
27193,IMAGE:320392,W16832,13,95693284,95697271,-0.262169351
16944,IMAGE:427767,AA002207,13,95703996,95704294,0.040849065
26639,IMAGE:713177,AA282765,13,95707751,95707936,0.17356232
5703,IMAGE:273048,N36402,13,95742261,95742732,-0.152044876
9014,IMAGE:701819,AA287121,13,95742921,95743352,-0.038704827
6968,IMAGE:321529,W32474,13,95784727,95785003,0.224376969
7120,IMAGE:321529,W32474,13,95784727,95785003,0.050262797
7824,IMAGE:321529,W32474,13,95784727,95785003,0.36058398
33382,IMAGE:298111,N70768,13,95815500,95815956,0.019844288
35869,IMAGE:36684,R25312,13,95816843,95817204,0.411523617
20603,IMAGE:288768,N62498,13,95819036,95819382,0.561914778
21600,IMAGE:1540363,AA926858,13,95898841,95899039,-0.506968356
1045,IMAGE:1853556,AI243669,13,96303961,96320055,0.246511432
4454,IMAGE:1535328,AA919053,13,96369902,96372553,-0.04217155
21309,IMAGE:898206,AA598595,13,96374175,96374536,-0.093689521
19520,IMAGE:415180,W91887,13,96615892,96616511,0.225029551
14181,IMAGE:46411,H09164,13,96757343,96757851,-0.1292464
8683,IMAGE:46411,H09164,13,96757343,96757851,0.649023015
20624,IMAGE:1555384,AA975175,13,96757399,96757747,-0.270216503
23759,IMAGE:842918,AA486435,13,96796350,96798697,0.47315979
13974,IMAGE:2452256,AI923014,13,96799539,96800024,0.144341081
20408,IMAGE:897656,AA496796,13,96799540,96800027,-0.008615262
25264,IMAGE:796599,AA461449,13,96802495,96802981,-0.558044166
965,IMAGE:773137,AA425401,13,96802877,96803300,-0.123717818
35370,IMAGE:128461,R10140,13,96805686,96805991,-0.034221258
11971,IMAGE:502397,AA156737,13,96806236,96806817,-0.241549621
32843,IMAGE:451939,AA707196,13,96853297,96853813,-0.000597993
3515,IMAGE:1682573,AI167784,13,97034387,97034807,0.050421171
21172,IMAGE:297940,N70078,13,97143771,97144212,0.098048887
39128,IMAGE:1589844,AA976413,13,97154010,97154225,0.267959201
31786,IMAGE:132748,R26892,13,97199701,97199978,0.067853758
39543,IMAGE:593280,AA165512,13,97210456,97210770,-0.295509744
41696,IMAGE:593280,AA165512,13,97210456,97210770,0.491676019
39640,IMAGE:745243,AA626165,13,97438557,97438875,0.439085349
41247,IMAGE:122150,T98442,13,97588681,97588809,0.632306392
5127,IMAGE:942294,AA508136,13,97591091,97591537,-0.980577336
29014,IMAGE:461509,AA705077,13,97604993,97605467,-0.058889805
19295,IMAGE:1566793,AI123732,13,97644793,97645244,-0.047186883
13951,IMAGE:1636741,AI017846,13,97736294,97736682,0.363956515
17912,IMAGE:1540760,AA909389,13,97884331,97884683,0.007863963
30518,IMAGE:753917,AA479100,13,97913251,97913646,-0.253706854
38017,IMAGE:730147,AA412499,13,98076501,98077530,-0.084508074
40688,IMAGE:454931,AA779342,13,98084404,98084658,-0.244592805
31796,IMAGE:1502803,AA894820,13,98221885,98222248,-0.141767419
19184,IMAGE:2017981,AI364359,13,98333177,98335747,0.421300043
38850,IMAGE:1604674,AA988219,13,98336107,98336525,-0.14358479
34355,IMAGE:177074,H40921,13,98336599,98337001,0.052326486
17546,IMAGE:950710,AA608575,13,98865682,98880576,0.355723932
6912,IMAGE:1869567,AI263583,13,98881830,98882213,0.255600581
10395,IMAGE:1589916,AA983154,13,98882036,98882370,1.1574722
28282,IMAGE:781088,AA430002,13,98882744,98934214,0.154714241
23966,IMAGE:451817,AA706834,13,98890783,98891254,0.133738174
10652,IMAGE:1635418,AA995923,13,98954187,98954512,-0.304222477
12937,IMAGE:1517943,AA910514,13,98975031,98975368,-0.376126601
18011,IMAGE:1670060,AI052271,13,99409223,99409639,0.119312547
16908,IMAGE:780986,AA445992,13,100042934,100043295,0.363170241
18189,IMAGE:117546,AI820563,13,100055688,100055964,0.030888979
21339,IMAGE:47036,H10956,13,100062425,100062841,-0.003954795
38977,IMAGE:1656189,AI033584,13,100063443,100063794,-0.131589188
8821,IMAGE:244703,N52533,13,100066558,100066795,0.534430859
33895,IMAGE:1604236,AA987228,13,100067601,100068049,0.095221907
22581,IMAGE:1602499,AA987576,13,100067649,100068049,0.351233062
36787,IMAGE:491186,AA137145,13,100070467,100070902,0.054272569
39556,IMAGE:38152,R35941,13,100072188,100072585,0.282041021
39429,IMAGE:742732,AA400047,13,100072219,100072611,-0.156360765
24219,IMAGE:281756,N48078,13,100745719,100746055,-0.1215649
15426,IMAGE:501887,AA129865,13,100939722,100940164,-0.492636537
21753,IMAGE:24085,R39682,13,101029161,101029599,0.151007655
22609,IMAGE:24085,R39682,13,101029161,101029599,0.628675034
25353,IMAGE:24085,R39682,13,101029161,101029599,0.198963638
24848,IMAGE:357819,W95369,13,101036356,101036768,-0.284908082
14025,IMAGE:2316683,AI671446,13,101116465,101117700,-0.416962763
31846,IMAGE:243878,N39195,13,101134631,101139465,0.252061049
36407,IMAGE:1689036,AI092391,13,101142326,101142630,-0.776050882
31789,IMAGE:136117,R33122,13,101190189,101190483,0.065890312
16912,IMAGE:72811,T50747,13,101190634,101191035,-0.008746724
10747,IMAGE:753653,AA478866,13,101190802,101191218,0.015164646
1001,IMAGE:292463,N80359,13,101218509,101223675,0.064528861
33109,IMAGE:2296720,AI783618,13,101394348,101394642,-0.173460626
33027,IMAGE:1535240,AA918012,13,101394349,101394603,0.176579626
39253,IMAGE:1535240,AA918012,13,101394349,101394603,-0.416514399
21728,IMAGE:2028474,AI261717,13,101394373,101394796,-0.172706543
36479,IMAGE:802570,AA581248,13,101898496,101898703,-0.11141902
12003,IMAGE:1466653,AA885424,13,102484309,102484606,0.070229183
31205,IMAGE:1628443,AA994053,13,104114379,104114606,-0.219247285
11081,IMAGE:1692803,AI093016,13,104330153,104330433,0.176194899
5898,IMAGE:289931,N64609,13,104683314,104683758,-0.192678965
32539,IMAGE:796198,AA461108,13,104840093,104840447,0.107040834
34065,IMAGE:796198,AA461108,13,104840093,104840447,0.034949253
39135,IMAGE:723955,AA235700,13,104840098,104840506,0.130859044
24690,IMAGE:878517,AA775845,13,104892021,104892538,0.388752153
10053,IMAGE:810468,AA457133,13,104893676,104893928,-0.256065835
21562,IMAGE:198339,R94212,13,105123975,105124405,-0.14351357
20406,IMAGE:610042,AA174133,13,105422356,105422640,0.1817857
36162,IMAGE:53122,R15891,13,105518883,105519289,0.075513702
25255,IMAGE:1461048,AA890136,13,105520373,105520728,-0.120584657
11278,IMAGE:1605219,AA995754,13,105533116,105533373,-0.324508966
1699,IMAGE:1601600,AA995392,13,105533116,105533381,-0.362316977
24310,IMAGE:1499784,AA879096,13,106015091,106015526,-0.043846318
3954,IMAGE:1499784,AA879096,13,106015091,106015526,-0.40549254
1193,IMAGE:42101,R61714,13,106203024,106203450,-0.256254518
31408,IMAGE:39274,R54358,13,106559351,106559756,0.122884477
5390,IMAGE:547945,AA081631,13,106561383,106565899,0.106102321
17943,IMAGE:824787,AA488829,13,106580527,106580917,0.309535637
3324,IMAGE:758323,AA403049,13,106581562,106582000,-0.283071291
18176,IMAGE:1203170,AA659586,13,106617668,106618083,-0.234595628
32584,IMAGE:593690,AA166695,13,106653608,106657367,-0.235176914
26277,IMAGE:502436,AA134861,13,108104774,108105193,-0.029739518
19808,IMAGE:454798,AA677295,13,108120333,108120459,-0.15670814
21515,IMAGE:435820,AA701519,13,108130009,108130477,-0.22399748
40998,IMAGE:2108551,AI492087,13,108133310,108133753,-0.023673064
15637,IMAGE:1573170,AA953212,13,108133412,108133749,1.064663301
31654,IMAGE:23434,R38270,13,108335205,108335414,0.116533206
8794,IMAGE:491692,AA150402,13,108525631,108528282,0.003349348
30366,IMAGE:119403,AI732248,13,108541208,108541773,0.516080633
39402,IMAGE:119403,AI732248,13,108541208,108541773,0.144989606
26501,IMAGE:113386,T78450,13,108720129,108720553,0.491655848
40757,IMAGE:1879538,AI307124,13,108781289,108781694,0.07080564
9396,IMAGE:188193,H45821,13,108827143,108827518,-0.2945772
1834,IMAGE:769959,AA430540,13,108862999,108863851,-0.183214269
38069,IMAGE:1898031,AI299673,13,108873413,108873747,-0.37712798
38091,IMAGE:1758259,AI220662,13,108874123,108874501,-0.200179536
2848,IMAGE:784000,AA443285,13,108977788,108985936,-0.018585311
27177,IMAGE:897979,AA598872,13,108989956,108990344,0.046430683
37955,IMAGE:140732,R66268,13,109062242,109062596,0.174390339
17342,IMAGE:810061,AA455302,13,109063760,109064164,0.174320031
442,IMAGE:810061,AA455302,13,109063760,109064164,0.34777514
15589,IMAGE:739142,AA421790,13,109063788,109064164,-2.654849518
15012,IMAGE:505889,AA683582,13,109067290,109067585,0.313512551
36663,IMAGE:243358,N33574,13,109070068,109070519,-0.224190719
16889,IMAGE:280508,N47308,13,109070262,109070546,-0.226777853
24792,IMAGE:788830,AA450055,13,109071016,109071416,-0.198495743
37213,IMAGE:1467627,AA883944,13,109148314,109148579,-0.098706786
11083,IMAGE:1693812,AI122564,13,109214395,109214832,-0.133916935
31914,IMAGE:1636801,AI017369,13,109228888,109229192,0.095669046
7247,IMAGE:436153,AA703249,13,109243041,109243567,-0.119815282
14410,IMAGE:461699,AA682274,13,109244386,109244765,-0.288386405
6610,IMAGE:25061,R38944,13,109251880,109252413,0.091038939
24552,IMAGE:731270,AA416684,13,109261046,109265358,0.016940938
35408,IMAGE:1521005,AA911252,13,109631558,109631943,0.03348299
40419,IMAGE:859648,AA666416,13,109643339,109643777,0.313372824
11344,IMAGE:788568,AA452871,13,109653334,109653792,-0.106371471
35195,IMAGE:1896495,AI298071,13,110671053,110671506,0.283413472
1713,IMAGE:1569729,AA960996,13,110671123,110671486,0.569726118
39116,IMAGE:1604598,AA996231,13,110701970,110702332,0.02600926
7561,IMAGE:1506337,AA906189,13,110876375,110876682,0.133948093
26721,IMAGE:730888,AA417031,13,111003382,111037003,0.078949333
11220,IMAGE:964784,AA513690,13,111097761,111098025,-0.026978554
31218,IMAGE:1029186,AA557544,13,111148595,111149161,1.051338524
28642,IMAGE:1415705,AA878185,13,111199699,111200034,0.425189836
23146,IMAGE:241769,H90564,13,111291199,111291545,-0.146376266
32001,IMAGE:1543865,AA921835,13,111355014,111355538,-0.470677517
22516,IMAGE:1014378,AA563957,13,111407574,111408004,0.586301378
12221,IMAGE:1910785,AI350153,13,111486319,111486727,-0.144944526
26274,IMAGE:1500416,AA885869,13,111486321,111486745,-0.461677448
1259,IMAGE:139649,R64345,13,111487520,111487935,0.609752241
15953,IMAGE:298469,N74161,13,111488199,111488417,-0.082296379
15518,IMAGE:1741626,AI187040,13,111512499,111512934,-0.346268284
38231,IMAGE:1500631,AA886286,13,111532052,111532550,-0.216349682
39021,IMAGE:1881228,AI290847,13,111567149,111567584,0.232188274
17118,IMAGE:112488,T91039,13,111579840,111580208,-0.089294651
6004,IMAGE:981704,AA523577,13,111605009,111605334,0.65849769
955,IMAGE:49873,H28922,13,111700377,111700863,0.1905144
564,IMAGE:346682,W94194,13,111701376,111701818,-0.018780793
37585,IMAGE:1848877,AI247880,13,111722128,111722466,-0.154700737
30215,IMAGE:435558,AA701917,13,111722693,111722995,-0.391871429
22708,IMAGE:310519,N98524,13,111751410,111751844,-0.140540095
27849,IMAGE:430471,AA680349,13,111774299,111774695,-0.343334937
26306,IMAGE:309803,N94612,13,111779925,111780346,-0.100463088
36190,IMAGE:124232,R02323,13,111830955,111831271,-0.05691248
22209,IMAGE:234325,H95248,13,111831958,111832534,0.252327931
27116,IMAGE:898317,AA598836,13,111867053,111867356,0.048961968
6154,IMAGE:2551282,AI954203,13,111867096,111867393,-0.006990945
11323,IMAGE:49710,H28973,13,111925377,111925741,0.209654937
17821,IMAGE:245039,N72380,13,111926536,111928044,0.26097209
9960,IMAGE:240896,H90152,13,111926672,111926896,0.001111444
8165,IMAGE:825805,AA491327,13,112058853,112059331,0.606648465
30253,IMAGE:1467528,AA885376,13,112108169,112108379,-0.357604623
772,IMAGE:914068,AA572709,13,112119170,112119552,0.311908496
37632,IMAGE:502774,AA137197,13,112151825,112152262,0.187659085
1441,IMAGE:35308,R25063,13,112155076,112155505,0.120593568
27966,IMAGE:321708,W33012,13,112238907,112242680,-0.133553117
35878,IMAGE:323989,W46439,13,112240753,112241199,0.102474235
3236,IMAGE:229818,H67464,13,112241199,112241469,0.344234076
36315,IMAGE:1468230,AA884909,13,112387475,112387918,-0.119051429
37293,IMAGE:1564514,AA961280,13,112425635,112426017,-0.170825123
26857,IMAGE:1518055,AA910597,13,112461765,112462132,-0.161825531
41042,IMAGE:796181,AA461110,13,112490046,112490421,-0.348986987
22463,IMAGE:742887,AA405390,13,112557749,112558050,-0.001226997
22034,IMAGE:418307,W90753,13,112745775,112746244,-0.221421565
8978,IMAGE:859187,AA666317,13,112795695,112796083,0.552794967
13259,IMAGE:1506477,AA906480,13,112926803,112927077,-0.603428923
27858,IMAGE:755385,AA410559,13,112946555,112956107,-0.447906936
28287,IMAGE:197779,R93514,13,112951091,112951630,-0.317569038
14594,IMAGE:1469957,AA865368,13,112965378,112965850,-0.728202176
7176,IMAGE:950568,AA608512,13,112989001,112989387,-0.505593159
2092,IMAGE:811737,AA463267,13,113010570,113010904,-0.147661306
